"WASCO, Inc.",4.3,28,,Masonry contractor,+1 615-244-9090,https://wascomasonry.com/
"Greenway of Nashville, LLC",4.9,59,6644 Clearbrook Dr,Masonry contractor,+1 615-238-4574,https://greenwaynashville.com/
Stewart Masonry,4.6,32,,Masonry contractor,+1 615-973-9576,http://stewartmasonrytn.com/
Castaneda Masonry LLC,4.6,10,108 Hart Ln,Masonry contractor,+1 629-246-7573,https://www.castanedamasonryllc.com/
L&M Masonry LLC,3.9,20,,Masonry contractor,+1 615-608-0043,https://www.landmmasonry.com/
Nashville bricks,4.8,19,725 Cool Springs Blvd #600,Masonry contractor,+1 615-257-8027,
Zebra Stone Artisans LLC,5.0,42,725 Cool Springs Blvd,Masonry contractor,+1 615-257-8027,https://zebrastoneartisan.com/
Associated Masonry Products,4.1,67,450 Allied Dr,Building materials supplier,+1 615-331-1000,http://www.ampinc.net/
Brick Mason Nashville,3.9,17,,Masonry contractor,+1 615-908-2446,http://www.brickmasonnashville.com/
LaGreen's Masonry Company,4.7,101,,Masonry contractor,+1 615-216-5533,https://www.lagreensmasonry.com/
"WASCO, Inc.",4.3,28,,Masonry contractor,+1 615-244-9090,https://wascomasonry.com/
Stewart Masonry,4.6,32,,Masonry contractor,+1 615-973-9576,http://stewartmasonrytn.com/
Castaneda Masonry LLC,4.6,10,108 Hart Ln,Masonry contractor,+1 629-246-7573,https://www.castanedamasonryllc.com/
R D Williams & Son Masonry,5.0,1,2516 Winford Ave,Masonry contractor,+1 615-485-9285,
"Greenway of Nashville, LLC",4.9,59,6644 Clearbrook Dr,Masonry contractor,+1 615-238-4574,https://greenwaynashville.com/
Cochos Masonry,4.5,4,570 McMurray Dr,Masonry contractor,,
Mata Masonry – matamasonry,5.0,1,3306 Percy Priest Dr,General contractor,+1 615-522-9422,
V & K Masonry Contractors,5.0,1,825 Gale Ln,Masonry contractor,+1 615-385-0260,
Nashville Masonry Contractors,,,,Masonry contractor,+1 615-544-6278,https://masonrycontractornashville.com/
Nashville bricks,4.8,19,725 Cool Springs Blvd #600,Masonry contractor,+1 615-257-8027,
L&M Masonry LLC,3.9,20,,Masonry contractor,+1 615-608-0043,https://www.landmmasonry.com/
L & J Masonry,4.5,10,,Masonry contractor,+1 615-839-2604,
Zebra Stone Artisans LLC,5.0,42,725 Cool Springs Blvd,Masonry contractor,+1 615-257-8027,https://zebrastoneartisan.com/
Custom masonry an handyman,5.0,1,,Masonry contractor,+1 629-395-4251,
Mc Intosh-Murphy Co Inc,4.2,6,3016 Ambrose Ave,Masonry contractor,+1 615-262-0434,
Brick Mason Nashville,3.9,17,,Masonry contractor,+1 615-908-2446,http://www.brickmasonnashville.com/
Franklin Brick Mason,5.0,4,,Masonry contractor,+1 615-205-4466,
K&M Masonry,,,,Masonry contractor,+1 615-593-6178,http://www.kmmasonry.net/
Origin of Prince Hall Masonry,4.7,21,,Masonry contractor,+1 615-962-7055,
Lee Masonry Inc,3.0,2,5915 Robertson Ave,Masonry contractor,+1 615-356-1381,
Custom Hardscapes LLC,4.3,11,,Masonry contractor,+1 615-887-5554,
Bartlett & Son Stone Masonry,3.0,2,570 Hicks Rd,Masonry contractor,+1 615-673-6646,
Posada Masonry,5.0,3,,Masonry contractor,+1 615-310-1678,http://posadamasonry.com/
"Unity Brick, Block, and Stone",3.5,2,4112 Nolensville Pk #111271,Masonry contractor,+1 615-568-2742,http://unitybrick.com/
Artisan Masonry,5.0,10,104 Keystone Ln,Masonry contractor,+1 615-587-1214,
J.MERCADO MASONRY,,,169 Ocala Dr,Contractor,+1 615-423-2488,
A+ Masonry,4.4,14,1373 Walker Rd,Masonry contractor,+1 615-602-4452,
Associated Masonry Products,4.1,67,450 Allied Dr,Building materials supplier,+1 615-331-1000,http://www.ampinc.net/
Carrillo Masonry,,,2817 Lebanon Pike,Masonry contractor,+1 615-874-0901,
Ayala Stone Masonry,5.0,1,,Masonry contractor,+1 615-491-0044,https://ayalastonemasonry.com/
"WASCO, Inc.",4.3,28,,Masonry contractor,+1 615-244-9090,https://wascomasonry.com/
Castaneda Masonry LLC,4.6,10,108 Hart Ln,Masonry contractor,+1 629-246-7573,https://www.castanedamasonryllc.com/
Nashville Masonry Contractors,,,,Masonry contractor,+1 615-544-6278,https://masonrycontractornashville.com/
Stewart Masonry,4.6,32,,Masonry contractor,+1 615-973-9576,http://stewartmasonrytn.com/
Brick Mason Nashville,3.9,17,,Masonry contractor,+1 615-908-2446,http://www.brickmasonnashville.com/
V & K Masonry Contractors,5.0,1,825 Gale Ln,Masonry contractor,+1 615-385-0260,
L&M Masonry LLC,3.9,20,,Masonry contractor,+1 615-608-0043,https://www.landmmasonry.com/
Cochos Masonry,4.5,4,570 McMurray Dr,Masonry contractor,,
Mata Masonry – matamasonry,5.0,1,3306 Percy Priest Dr,General contractor,+1 615-522-9422,
Lee Masonry Inc,3.0,2,5915 Robertson Ave,Masonry contractor,+1 615-356-1381,
Mc Intosh-Murphy Co Inc,4.2,6,3016 Ambrose Ave,Masonry contractor,+1 615-262-0434,
R D Williams & Son Masonry,5.0,1,2516 Winford Ave,Masonry contractor,+1 615-485-9285,
L & J Masonry,4.5,10,,Masonry contractor,+1 615-839-2604,
Custom masonry an handyman,5.0,1,,Masonry contractor,+1 629-395-4251,
"Greenway of Nashville, LLC",4.9,59,6644 Clearbrook Dr,Masonry contractor,+1 615-238-4574,https://greenwaynashville.com/
"Stoneworks of Nashville, INC",,,,Masonry contractor,+1 931-623-3301,
"Unity Brick, Block, and Stone",3.5,2,4112 Nolensville Pk #111271,Masonry contractor,+1 615-568-2742,http://unitybrick.com/
Nashville bricks,4.8,19,725 Cool Springs Blvd #600,Masonry contractor,+1 615-257-8027,
Bartlett & Son Stone Masonry,3.0,2,570 Hicks Rd,Masonry contractor,+1 615-673-6646,
Custom Hardscapes LLC,4.3,11,,Masonry contractor,+1 615-887-5554,
